

-- insert MEMBER_INFO        아이디 가입일 성별 이메일
select * from MEMBER_INFO;
desc MEMBER_INFO;
select JOIN_DATE from MEMBER_INFO;
select * from MEMBER_AUTHORITY;
desc MEMBER_AUTHORITY;
commit;

insert into MEMBER_AUTHORITY VALUES ('', 'ROLE_USER');
insert into MEMBER_AUTHORITY VALUES ('croagjj3', 'ROLE_USER');
insert into MEMBER_AUTHORITY VALUES ('uainddd', 'ROLE_USER');
insert into MEMBER_AUTHORITY VALUES ('jeipan', 'ROLE_USER');
insert into MEMBER_AUTHORITY VALUES ('ekfkfk', 'ROLE_USER');
insert into MEMBER_AUTHORITY VALUES ('cubamm', 'ROLE_USER');
insert into MEMBER_AUTHORITY VALUES ('bolivia', 'ROLE_USER');
insert into MEMBER_AUTHORITY VALUES ('hanekf99', 'ROLE_USER');
insert into MEMBER_AUTHORITY VALUES ('ruller11', 'ROLE_USER');
insert into MEMBER_AUTHORITY VALUES ('chulii12', 'ROLE_USER');
insert into MEMBER_AUTHORITY VALUES ('wlqrkffo', 'ROLE_USER');
insert into MEMBER_AUTHORITY VALUES ('epsakzmee', 'ROLE_USER');
insert into MEMBER_AUTHORITY VALUES ('gkrhtlvek', 'ROLE_USER');
insert into MEMBER_AUTHORITY VALUES ('dlrjanjwl', 'ROLE_USER');
insert into MEMBER_AUTHORITY VALUES ('tkfkdgody', 'ROLE_USER');
insert into MEMBER_AUTHORITY VALUES ('yeon', 'ROLE_USER');
insert into MEMBER_AUTHORITY VALUES ('eogh6430', 'ROLE_USER');
insert into MEMBER_AUTHORITY VALUES ('joo12', 'ROLE_USER');
insert into MEMBER_AUTHORITY VALUES ('alskdjf12', 'ROLE_USER');
insert into MEMBER_AUTHORITY VALUES ('fifiak8', 'ROLE_USER');
insert into MEMBER_AUTHORITY VALUES ('dongin77', 'ROLE_USER');
insert into MEMBER_AUTHORITY VALUES ('qowifjkf33', 'ROLE_USER');
insert into MEMBER_AUTHORITY VALUES ('whyuoeio00', 'ROLE_USER');
insert into MEMBER_AUTHORITY VALUES ('sophfi', 'ROLE_USER');
insert into MEMBER_AUTHORITY VALUES ('emmaee22', 'ROLE_USER');
insert into MEMBER_AUTHORITY VALUES ('isabell3', 'ROLE_USER');
insert into MEMBER_AUTHORITY VALUES ('oliv232', 'ROLE_USER');
insert into MEMBER_AUTHORITY VALUES ('avemakk12', 'ROLE_USER');
insert into MEMBER_AUTHORITY VALUES ('annakim9', 'ROLE_USER');
insert into MEMBER_AUTHORITY VALUES ('alexfii9', 'ROLE_USER');
insert into MEMBER_AUTHORITY VALUES ('sarah35', 'ROLE_USER');
insert into MEMBER_AUTHORITY VALUES ('autumn3904', 'ROLE_USER');
insert into MEMBER_AUTHORITY VALUES ('', 'ROLE_USER');

insert into MEMBER_INFO values('sophfi', '123', NULL, 'sophia', 'sum', '00', 
    '18/07/01', sysdate, 'Hi~', 'Japan', 'female', '1994/12/14', 'sophia@email.com', '01034442222');
    
insert into MEMBER_INFO values('emmaee22', '123', NULL, 'emma', 'sila', '00', 
    '18/07/15', sysdate, 'Hi~', 'Japan', 'female', '1994/12/14', 'emma@email.com', '01066665466');
  
insert into MEMBER_INFO values('isabell3', '123', NULL, 'isabella', 'kine', '00', 
    '18/07/15', sysdate, 'Hi~', 'Japan', 'female', '1994/12/14', 'isabella@email.com', '01074766444');
    
insert into MEMBER_INFO values('oliv232', '123', NULL, 'olivia', 'park', '00', 
    '18/03/01', sysdate, 'Hi~', 'Germany', 'female', '1994/12/14', 'olivia@email.com', '01033336675');
    
insert into MEMBER_INFO values('avemakk12', '123', NULL, 'avaul', 'soon', '00', 
    '18/03/01', sysdate, 'Hi~', 'Germany', 'female', '1994/12/14', 'avaul@email.com', '01088876854');
    
insert into MEMBER_INFO values('annakim9', '123', NULL, 'anna', 'kim', '00', 
    '18/07/15', sysdate, 'Hi~', 'USA', 'male', '1994/12/14', 'anna@email.com', '01034534566');
    
insert into MEMBER_INFO values('alexfii9', '123', NULL, 'alexis', 'kim', '00', 
    '18/07/15', sysdate, 'Hi~', 'USA', 'male', '1994/12/14', 'alexis@email.com', '01074575432');
    
insert into MEMBER_INFO values('sarah35', '123', NULL, 'sarah', 'kim', '00', 
    '18/07/15', sysdate, 'Hi~', 'USA', 'female', '1994/12/14', 'sarah@email.com', '01044453211');
    
insert into MEMBER_INFO values('autumn3904', '123', NULL, 'autumn', 'kim', '00', 
    '18/07/15', sysdate, 'Hi~', 'USA', 'female', '1994/12/14', 'autumn@email.com', '01054567877');

insert into MEMBER_INFO values('croagjj3', '123', NULL, 'royal', 'kim', '00', 
    '18/06/01', sysdate, 'Hi~', 'Canada', 'female', '1994/12/14', 'roaal@email.com', '01033335745');

insert into MEMBER_INFO values('uainddd', '123', NULL, 'uain', 'kim', '00', 
    '18/05/01', sysdate, 'Hi~', 'Austria', 'female', '1994/12/14', 'uain@email.com', '01066745325');

insert into MEMBER_INFO values('jeipan', '123', NULL, 'eipan', 'kim', '00', 
    '18/04/01', sysdate, 'Hi~', 'Korea', 'female', '1994/12/14', 'jeipan@email.com', '01054567777');

insert into MEMBER_INFO values('ekfkfk', '123', NULL, 'ekkydo', 'kim', '00', 
    '18/03/01', sysdate, 'Hi~', 'China', 'female', '1994/12/14', 'ekfkfkk@email.com', '01088887658');

insert into MEMBER_INFO values('cubamm', '123', NULL, 'bamba', 'kim', '00', 
    '18/01/01', sysdate, 'Hi~', 'Cuba', 'female', '1994/12/14', 'bamba@email.com', '01099990002');

insert into MEMBER_INFO values('bolivia', '123', NULL, 'livia', 'kim', '00', 
    '18/08/01', sysdate, 'Hi~', 'Bolivia', 'male', '1994/12/14', 'livia@email.com', '01038488993');

insert into MEMBER_INFO values('hanekf99', '123', NULL, 'hanhwa', 'lee', '00', 
    '18/06/01', sysdate, 'Hi~', 'Korea', 'female', '1994/12/14', 'whae@email.com', '01038492900');

insert into MEMBER_INFO values('ruller11', '123', NULL, 'ruller', 'kim', '00', 
    '18/04/01', sysdate, 'Hi~', 'USA', 'male', '1994/12/14', 'rull@email.com', '01011111111');
    
insert into MEMBER_INFO values('chulii12', '123', NULL, 'churri', 'park', '00', 
    '18/02/01', sysdate, 'Hi~', 'Korea', 'male', '1994/12/14', 'churri@email.com', '01033311111');
    
insert into MEMBER_INFO values('wlqrkffo', '123', NULL, 'hyomin', 'sin', '00', 
    '18/02/01', sysdate, 'Hi~', 'Korea', 'female', '1994/12/14', 'hyomin@email.com', '01011113333');

insert into MEMBER_INFO values('epsakzmee', '$2a$10$.Nm/VHIveWvlqsZfksEXWexSPZwXi0Sxi9D4bIH4v151uPlOtNShq', NULL, 'akzm', 'den', '00', 
    '18/03/01', sysdate, 'Hi~', 'Denmark', 'female', '1994/12/14', 'akzmee@email.com', '01011111111');

insert into MEMBER_INFO values('gkrhtlvek', '123', NULL, 'chulsoo', 'kim', '00', 
    '18/05/01', sysdate, 'Hi~', 'Korea', 'female', '1994/12/14', 'godigksek@email.com', '01011111111');

insert into MEMBER_INFO values('dlrjanjwl', '123', NULL, 'haha', 'Lee', '00', 
    '18/05/01', sysdate, 'Hi~', 'Korea', 'female', '1994/12/14', 'rhakq@email.com', '01011111111');

insert into MEMBER_INFO values('tkfkdgody', '123', NULL, 'Daeho', 'Lee', '00', 
    '18/07/01', sysdate, 'Hi~', 'Korea', 'male', '1994/12/14', 'rkatk@email.com', '01011111111');

insert into MEMBER_INFO values('yeon', '123', NULL, 'Daeho', 'Lee', '00', 
    sysdate, sysdate, 'Hi~', 'Korea', 'male', '1994/12/14', 'eogh0000@naver.com', '01011111111');
    
insert into MEMBER_INFO values('eogh6430', '123', NULL, 'gy', 'Park', '00', 
    sysdate, sysdate, 'Hi~', 'Japan', 'female', '1999/11/14', 'parkgy22@gmail.com', '12312341231');
    
insert into MEMBER_INFO values('joo12', '123', NULL, 'jk', 'Kim', '00', 
    sysdate, sysdate, 'Hi~', 'USA', 'male', '1998/09/14', 'jookwang88@hanmail.com', '1231234231');
    
insert into MEMBER_INFO values('alskdjf12', '123', NULL, 'dj', 'Sin', '00', 
    sysdate, sysdate, 'Hi~', 'Korea', 'male', '1997/08/14', 'thorGood@gmail.com', '12312341231');
    
insert into MEMBER_INFO values('fifiak8', '123', NULL, 'je', 'See', '00', 
    sysdate, sysdate, 'Hi~', 'Korea', 'male', '1997/08/14', 'twocomsdev@gmail.com', '12312341231');
    
insert into MEMBER_INFO values('dongin77', '123', NULL, 'je', 'See', '00', 
    sysdate, sysdate, 'Hi~', 'Korea', 'male', '1997/08/14', 'hong123@gmail.com', '12312341231');

insert into MEMBER_INFO values('qowifjkf33', '123', NULL, 'je', 'See', '00', 
    sysdate, sysdate, 'Hi~', 'Korea', 'male', '1997/08/14', 'fafama@gmail.com', '12312341231');    
    
insert into MEMBER_INFO values('whyuoeio00', '123', NULL, 'je', 'See', '00', 
    sysdate, sysdate, 'Hi~', 'Korea', 'male', '1997/08/14', 'singlelady@gmail.com', '12312341231');
    
    
-- insert BOARD (guide)

insert into BOARD values(BOARD_SEQ.nextval, 'yeon', 'I will show you around Gwanghwamun in Seoul. Come with me.', 10,
    'I was late today, so I lost my name in Myeong-dong. I am going to find him.',
    sysdate, sysdate, '1', 'seoul', null, null, sysdate, 1, null);
    
insert into BOARD values(BOARD_SEQ.nextval, 'eogh6430', 'I am the only one who believes and the people in Ulsan.', 10,
    'Look around the city in Daegu and go to PC room for a role. Welcome to Kim Joo Kwang',
    sysdate, sysdate, '2', 'ulsan', null, null, sysdate, 2, null);
    
insert into BOARD values(BOARD_SEQ.nextval, 'joo12', 'You will have to go to Daejeon.', 10,
    'I am Park Ga Yeon from Incheon. Let me guide you. See you tomorrow afternoon at 3 in September.',
    sysdate, sysdate, '3', 'Daejeon', null, null, sysdate, 3, null);

insert into BOARD values(BOARD_SEQ.nextval, 'alskdjf12', 'Let me guide you.', 10,
    'I am Park Ga Yeon from Incheon. Let me guide you. See you tomorrow afternoon at 3 in September.',
    '2018-09-01', '2018-09-03', '3', 'busan', null, null, sysdate, 1, null);
    
insert into BOARD values(BOARD_SEQ.nextval, 'fifiak8', "I'm looking for a tour party in Daegu.", 10,
    'Look around the city in Daegu and go to PC room for a role. Welcome to Kim Joo Kwang',
    '2018-09-04', '2018-09-06', '5', 'jeollanamdo', null, null, sysdate, 1, null);
    
insert into BOARD values(BOARD_SEQ.nextval, 'dongin77', 'I am going to take over Myeong-dong. Stick', 10,
    'I was late today, so I lost my name in Myeong-dong. I am going to find him.',
    '2018-09-05', '2018-09-05', '1', 'seoul', null, null, sysdate, 1, null);
    
insert into BOARD values(BOARD_SEQ.nextval, 'whyuoeio00', 'Let s go on a food tour.^^', 10,
    'I can t code because I am hungry.Who wants to eat something delicious with you near Changdong station? Welcome Lee Dae-ho',
    '2018-09-10', '2018-09-12', '2', 'jegudo', null, null, sysdate, 1, null);
    
insert into BOARD values(BOARD_SEQ.nextval, 'qowifjkf33', 'ill be your guide', 10,
    'im so good looking and my body is deadly sexy. ramyun and chill?',
    '2018-09-21', '2018-09-28', '12', 'gwangju', null, null, sysdate, 1, null);


-- insert BOARD (tourist)


insert into BOARD values(BOARD_SEQ.nextval, 'yeon', 'Could you guide me around Jonggak Station?', 20,
    'Get a guide from Seoul. I want to go to the Han River.',
    '2018-09-01', '2018-09-01', '3', 'seoul', null, null, sysdate, 1, null);
    
insert into BOARD values(BOARD_SEQ.nextval, 'eogh6430', 'This is my second trip to Namsan. Get a professional guide.', 20,
    'Is there anyone who can go there and have a PC room?',
    '2018-09-03', '2018-09-04', '5', 'jeollabukdo', null, null, sysdate, 1, null);
    
insert into BOARD values(BOARD_SEQ.nextval, 'joo12', 'I want to go to Youngjongdo. Can you help me?', 20,
    'I am going to visit Yeongjong. Please guide me.?',
    '2018-09-04', '2018-09-05', '1', 'incheon', null, null, sysdate, 1, null);
    
insert into BOARD values(BOARD_SEQ.nextval, 'alskdjf12', 'I have been to Korea for the first time.', 20,
    'Hands up, Lee Dae-ho',
    '2018-09-10', '2018-09-14', '7', 'daegu', null, null, sysdate, 1, null);
    
insert into BOARD values(BOARD_SEQ.nextval, 'fifiak8', 'looking for a guide', 20,
    'im so good looking and my body is deadly sexy. ramyun and chill?',
    '2018-09-14', '2018-09-15', '12', 'jeju', null, null, sysdate, 1, null);

commit;

-- insert MY_COMMENT

insert into MY_COMMENT values(MY_COMMENT_SEQ.nextval, 'twocomsdev@gmail.com', 2, '나도', sysdate, 0, 0, 0);
insert into MY_COMMENT values(MY_COMMENT_SEQ.nextval, 'eogh0000@naver.com', 2, '나도', sysdate, 0, 0, 0);

insert into MY_COMMENT values(MY_COMMENT_SEQ.nextval, 'thorGood@gmail.com', 3, '나도', sysdate, 0, 0, 0);
insert into MY_COMMENT values(MY_COMMENT_SEQ.nextval, 'jookwang88@hanmail.com', 3, '나도', sysdate, 0, 0, 0);

insert into MY_COMMENT values(MY_COMMENT_SEQ.nextval, 'parkgy22@gmail.com', 4, '나', sysdate, 0, 0, 0);
insert into MY_COMMENT values(MY_COMMENT_SEQ.nextval, 'twocomsdev@gmail.com', 4, '나도', sysdate, 0, 0, 0);
insert into MY_COMMENT values(MY_COMMENT_SEQ.nextval, 'eogh0000@naver.com', 4, '나도', sysdate, 0, 0, 0);

insert into MY_COMMENT values(MY_COMMENT_SEQ.nextval, 'parkgy22@gmail.com', 5, '나', sysdate, 0, 0, 0);
insert into MY_COMMENT values(MY_COMMENT_SEQ.nextval, 'twocomsdev@gmail.com', 5, '나도', sysdate, 0, 0, 0);
insert into MY_COMMENT values(MY_COMMENT_SEQ.nextval, 'eogh0000@naver.com', 5, '나도', sysdate, 0, 0, 0);
insert into MY_COMMENT values(MY_COMMENT_SEQ.nextval, 'thorGood@gmail.com', 5, '나도', sysdate, 0, 0, 0);

insert into MY_COMMENT values(MY_COMMENT_SEQ.nextval, 'parkgy22@gmail.com', 6, '나', sysdate, 0, 0, 0);
insert into MY_COMMENT values(MY_COMMENT_SEQ.nextval, 'twocomsdev@gmail.com', 6, '나도', sysdate, 0, 0, 0);

insert into MY_COMMENT values(MY_COMMENT_SEQ.nextval, 'parkgy22@gmail.com', 7, '나', sysdate, 0, 0, 0);
insert into MY_COMMENT values(MY_COMMENT_SEQ.nextval, 'twocomsdev@gmail.com', 7, '나도', sysdate, 0, 0, 0);
insert into MY_COMMENT values(MY_COMMENT_SEQ.nextval, 'eogh0000@naver.com', 7, '나도', sysdate, 0, 0, 0);

insert into MY_COMMENT values(MY_COMMENT_SEQ.nextval, 'parkgy22@gmail.com', 8, '나', sysdate, 0, 0, 0);
insert into MY_COMMENT values(MY_COMMENT_SEQ.nextval, 'twocomsdev@gmail.com', 8, '나도', sysdate, 0, 0, 0);
insert into MY_COMMENT values(MY_COMMENT_SEQ.nextval, 'eogh0000@naver.com', 8, '나도', sysdate, 0, 0, 0);
insert into MY_COMMENT values(MY_COMMENT_SEQ.nextval, 'thorGood@gmail.com', 8, '나도', sysdate, 0, 0, 0);
insert into MY_COMMENT values(MY_COMMENT_SEQ.nextval, 'jookwang88@hanmail.com', 8, '나도', sysdate, 0, 0, 0);

insert into MY_COMMENT values(MY_COMMENT_SEQ.nextval, 'twocomsdev@gmail.com', 9, '나도', sysdate, 0, 0, 0);
insert into MY_COMMENT values(MY_COMMENT_SEQ.nextval, 'eogh0000@naver.com', 9, '나도', sysdate, 0, 0, 0);
insert into MY_COMMENT values(MY_COMMENT_SEQ.nextval, 'thorGood@gmail.com', 9, '나도', sysdate, 0, 0, 0);



-- insert TOUR_DIARY
insert into TOUR_DIARY values(TOUR_DIARY_SEQ.nextval, 'parkgy22@gmail.com', 'Myeong-dong Tour Diary', 'Seoul', '2018-09-01', '2018-09-01',
'크리스랑 투어 같이 해서 너무 좋았음~~', 'thorGood@gmail.com', sysdate, 1, null);

insert into TOUR_DIARY values(TOUR_DIARY_SEQ.nextval, 'parkgy22@gmail.com', 'It was a God life trip.^^', 'Suwon',  '2018-09-03', '2018-09-04',
'내용내용 !! !!', 'twocomsdev@gmail.com', sysdate, 1, null);

insert into TOUR_DIARY values(TOUR_DIARY_SEQ.nextval, 'parkgy22@gmail.com', 'go to Mt. Baekdu', 'Incheon', '2018-09-04', '2018-09-05',
'내용내용 !! !!', 'jookwang88@hanmail.com', sysdate, 1, null);

insert into TOUR_DIARY values(TOUR_DIARY_SEQ.nextval, 'eogh0000@naver.com', 'Mr. Cho Hyung-jin, Lee Hye-eun, with her mentor...', 'Anyang', '2018-09-10', '2018-09-14',
'내용내용 !! !!', 'jookwang88@hanmail.com', sysdate, 1, null);

insert into TOUR_DIARY values(TOUR_DIARY_SEQ.nextval, 'twocomsdev@gmail.com', 'A pleasure trip to recommend', 'Seongnam', '2018-09-14', '2018-09-15',
'내용내용 !! !!', 'thorGood@gmail.com', sysdate, 1, null);
 
insert into TOUR_DIARY values(TOUR_DIARY_SEQ.nextval, 'jookwang88@hanmail.com', 'A Report on Traveling in North Korea', 'Osan', '2018-09-21', '2018-09-28', 
'내용내용 !! !!', 'parkgy22@gmail.com', sysdate, 1, null);

insert into TOUR_DIARY values(TOUR_DIARY_SEQ.nextval, 'thorGood@gmail.com', 'Find Myeong-dong Taste Shop! a pleasant journey', 'Chuncheon', '2018-09-10', '2018-09-12', 
'명동갔음', 'eogh0000@naver.com', sysdate, 1, null);

insert into TOUR_DIARY values(TOUR_DIARY_SEQ.nextval, 'thorGood@gmail.com', 'I loved your guide.', 'Wonju', '2018-09-10', '2018-09-12', 
'명동갔음', 'eogh0000@naver.com', sysdate, 1, null);

insert into TOUR_DIARY values(TOUR_DIARY_SEQ.nextval, 'thorGood@gmail.com', 'It was my first time to go on a guided tour.', 'Cheorwon', '2018-09-10', '2018-09-12', 
'명동갔음', 'eogh0000@naver.com', sysdate, 1, null);

insert into TOUR_DIARY values(TOUR_DIARY_SEQ.nextval, 'thorGood@gmail.com', 'a Marseille walk with the "beauty brother"', 'Yeongwol', '2018-09-10', '2018-09-12', 
'명동갔음', 'eogh0000@naver.com', sysdate, 1, null);

insert into TOUR_DIARY values(TOUR_DIARY_SEQ.nextval, 'thorGood@gmail.com', 'Dear Jeon Hye-young, who would like to travel with you next time.', 'Sokcho', '2018-09-10', '2018-09-12', 
'명동갔음', 'eogh0000@naver.com', sysdate, 1, null);

insert into TOUR_DIARY values(TOUR_DIARY_SEQ.nextval, 'thorGood@gmail.com', 'See another light!', 'Chungbuk', '2018-09-10', '2018-09-12', 
'명동갔음', 'eogh0000@naver.com', sysdate, 1, null);

insert into TOUR_DIARY values(TOUR_DIARY_SEQ.nextval, 'jookwang88@hanmail.com', 'On my first trip to West India,', 'Jeonbuk', '2018-09-10', '2018-09-12', 
'명동갔음', 'eogh0000@naver.com', sysdate, 1, null);

insert into TOUR_DIARY values(TOUR_DIARY_SEQ.nextval, 'eogh0000@naver.com', 'It was a memorable trip.', 'Chungnam', '2018-09-10', '2018-09-12', 
'명동갔음', 'eogh0000@naver.com', sysdate, 1, null);

insert into TOUR_DIARY values(TOUR_DIARY_SEQ.nextval, 'twocomsdev@gmail.com', 'It was hard, but meaningful.', 'Gyungbuk', '2018-09-10', '2018-09-12', 
'명동갔음', 'eogh0000@naver.com', sysdate, 1, null);

insert into TOUR_DIARY values(TOUR_DIARY_SEQ.nextval, 'thorGood@gmail.com', 'Bravo! A trip around Gyeongju.', 'Jeju', '2018-09-10', '2018-09-12', 
'명동갔음', 'eogh0000@naver.com', sysdate, 1, null);

insert into TOUR_DIARY values(TOUR_DIARY_SEQ.nextval, 'parkgy22@gmail.com', 'Ocean Park', 'Andong', '2018-09-10', '2018-09-12', 
'명동갔음', 'eogh0000@naver.com', sysdate, 1, null);

insert into TOUR_DIARY values(TOUR_DIARY_SEQ.nextval, 'twocomsdev@gmail.com', 'I.ve made a lot of good memories.', 'Jinhae', '2018-09-10', '2018-09-12', 
'명동갔음', 'eogh0000@naver.com', sysdate, 1, null);

insert into TOUR_DIARY values(TOUR_DIARY_SEQ.nextval, 'jookwang88@hanmail.com', 'Narrow Hersheywon Guide', 'Busan', '2018-09-10', '2018-09-12', 
'명동갔음', 'eogh0000@naver.com', sysdate, 1, null);


commit;

select * from MEMBER_INFO;
select * from BOARD;
select * from MY_COMMENT;
select * from TOUR_DIARY;
